ID,post_name,post_mime_type
145,eb-5-background,image/webp
112,riverside-wharf_dream-hotel-prefunction,image/webp
111,riverside-wharf_ballroom,image/webp
110,riverside-wharf-2023-05-25_icrave_the-wharf-fb_100-dd-presentation-33,image/webp
109,riverside-wharf-riverside-wharf_dayclub_view02b-2023-01-20,image/webp
108,riverside-wharf-2023-05-25_icrave_the-wharf-fb_100-dd-presentation-40,image/webp
107,riverside-wharf-night-club-sunset-lounge,image/webp
104,riverside-wharf-2023-05-25_icrave_the-wharf-fb_100-dd-presentation-15,image/webp
105,riverside-wharf-night-club-main-floor,image/webp
106,riverside-wharf-2023-05-25_icrave_the-wharf-fb_100-dd-presentation-10,image/webp
103,riverside-wharf-night-club-lobby,image/webp
102,riverside-wharf-coastal-dining,image/webp
101,riverside-wharf_dream-hotel-wine-bar,image/webp
100,riverside-wharf-aft-bar,image/webp
99,riverside-wharf-aft-show-kitchen,image/webp
98,riverside-wharf_complex,image/webp
97,riverside-wharf_view-from-exterior,image/webp
96,riverside-wharf-2023-05-25_icrave_the-wharf-fb_100-dd-presentation-22,image/webp
95,riverside-wharf_exterior-view-from-street,image/webp
92,cover-bg,image/webp
91,riverside-wharf-webinar-poster,image/webp
90,riverside-wharf-coastal-bar,image/webp
87,dream_website_banner,video/mp4
88,riverside-wharf_pooldeck,image/webp
89,night-club-lobby,image/webp
76,staybridgesuites_wilmington_ext,image/jpeg
75,element-melbourne,image/jpeg
70,riverside-wharf_view-from-river,image/jpeg
71,marriott-residence-inn-miami,image/jpeg
72,tru-home2,image/jpeg
73,canopy-wpb,image/jpeg
74,canopy-tempe,image/jpeg
69,eb5-flag-wood-wide,image/webp
68,eb5-green-card,image/webp
67,eb5-passports,image/webp
66,eb5-family-flag-front,image/webp
