ID,post_type,post_name,post_title,post_status
170,offering,driftwood-tax-advantage-strategy-i,"Driftwood Tax Advantage Strategy I",publish
166,offering,driftwood-hotel-income-i-dst,"Driftwood Hotel Income I, DST",publish
145,attachment,eb-5-background,EB-5-Background,inherit
143,page,investimentos-eb-5,"Investimentos EB-5",publish
141,page,inversiones-eb-5,"Inversiones EB-5",publish
127,page,new-eb-5-page,"New EB-5 Page",publish
113,offering,riverside-wharf-qoz,"Riverside Wharf Miami – QOZ Common Equity",publish
112,attachment,riverside-wharf_dream-hotel-prefunction,Riverside-Wharf_Dream-Hotel-Prefunction,inherit
111,attachment,riverside-wharf_ballroom,Riverside-Wharf_Ballroom,inherit
109,attachment,riverside-wharf-riverside-wharf_dayclub_view02b-2023-01-20,Riverside-Wharf-RIVERSIDE-WHARF_DAYCLUB_View02b-2023-01-20,inherit
110,attachment,riverside-wharf-2023-05-25_icrave_the-wharf-fb_100-dd-presentation-33,Riverside-Wharf-2023-05-25_ICRAVE_THE-WHARF-FB_100-DD-PRESENTATION-33,inherit
108,attachment,riverside-wharf-2023-05-25_icrave_the-wharf-fb_100-dd-presentation-40,Riverside-Wharf-2023-05-25_ICRAVE_THE-WHARF-FB_100-DD-PRESENTATION-40,inherit
107,attachment,riverside-wharf-night-club-sunset-lounge,Riverside-Wharf-Night-club-Sunset-Lounge,inherit
105,attachment,riverside-wharf-night-club-main-floor,Riverside-Wharf-Night-club-Main-Floor,inherit
104,attachment,riverside-wharf-2023-05-25_icrave_the-wharf-fb_100-dd-presentation-15,Riverside-Wharf-2023-05-25_ICRAVE_THE-WHARF-FB_100-DD-PRESENTATION-15,inherit
106,attachment,riverside-wharf-2023-05-25_icrave_the-wharf-fb_100-dd-presentation-10,Riverside-Wharf-2023-05-25_ICRAVE_THE-WHARF-FB_100-DD-PRESENTATION-10,inherit
102,attachment,riverside-wharf-coastal-dining,Riverside-Wharf-Coastal-dining,inherit
103,attachment,riverside-wharf-night-club-lobby,Riverside-Wharf-Night-club-Lobby,inherit
101,attachment,riverside-wharf_dream-hotel-wine-bar,Riverside-Wharf_Dream-Hotel-Wine-Bar,inherit
100,attachment,riverside-wharf-aft-bar,Riverside-Wharf-AFT-Bar,inherit
98,attachment,riverside-wharf_complex,Riverside-Wharf_Complex,inherit
99,attachment,riverside-wharf-aft-show-kitchen,Riverside-Wharf-AFT-show-kitchen,inherit
96,attachment,riverside-wharf-2023-05-25_icrave_the-wharf-fb_100-dd-presentation-22,Riverside-Wharf-2023-05-25_ICRAVE_THE-WHARF-FB_100-DD-PRESENTATION-22,inherit
95,attachment,riverside-wharf_exterior-view-from-street,Riverside-Wharf_Exterior-view-from-street,inherit
97,attachment,riverside-wharf_view-from-exterior,Riverside-Wharf_View-from-exterior,inherit
93,offering,riverside-wharf-preferred-equity,"Riverside Wharf Miami – Preferred Equity",publish
92,attachment,cover-bg,cover-bg,inherit
91,attachment,riverside-wharf-webinar-poster,riverside-wharf-webinar-poster,inherit
90,attachment,riverside-wharf-coastal-bar,Riverside-Wharf-Coastal-Bar,inherit
89,attachment,night-club-lobby,Night-club-Lobby,inherit
87,attachment,dream_website_banner,Dream_Website_banner,inherit
88,attachment,riverside-wharf_pooldeck,Riverside-Wharf_Pooldeck,inherit
77,page,eb-5-investments,"EB-5 Investments",publish
76,attachment,staybridgesuites_wilmington_ext,StaybridgeSuites_Wilmington_EXT,inherit
75,attachment,element-melbourne,element-melbourne,inherit
71,attachment,marriott-residence-inn-miami,Marriott-Residence-Inn-Miami-,inherit
70,attachment,riverside-wharf_view-from-river,Riverside-Wharf_View-from-River,inherit
72,attachment,tru-home2,tru-home2,inherit
73,attachment,canopy-wpb,canopy-wpb,inherit
74,attachment,canopy-tempe,canopy-tempe,inherit
69,attachment,eb5-flag-wood-wide,eb5-flag-wood-wide,inherit
68,attachment,eb5-green-card,eb5-green-card,inherit
67,attachment,eb5-passports,eb5-passports,inherit
66,attachment,eb5-family-flag-front,eb5-family-flag-front,inherit
48,page,home,Home,publish
3,page,privacy-policy,"Privacy Policy",draft
