10515300	wp-content/uploads/2026/10/Dream_Website_banner.mp4
226660	wp-content/uploads/2026/10/Riverside-Wharf-2023-05-25_ICRAVE_THE-WHARF-FB_100-DD-PRESENTATION-33.webp
220846	wp-content/uploads/2026/10/Riverside-Wharf-2023-05-25_ICRAVE_THE-WHARF-FB_100-DD-PRESENTATION-10.webp
199181	wp-content/uploads/2026/10/Riverside-Wharf_View-from-River.jpg
196568	wp-content/uploads/2026/10/Riverside-Wharf-2023-05-25_ICRAVE_THE-WHARF-FB_100-DD-PRESENTATION-15.webp
192748	wp-content/uploads/2026/10/Riverside-Wharf-AFT-show-kitchen.webp
182416	wp-content/uploads/2026/10/Riverside-Wharf-Coastal-Bar.webp
180696	wp-content/uploads/2026/10/Riverside-Wharf_Pooldeck.webp
180338	wp-content/uploads/2026/10/Riverside-Wharf-RIVERSIDE-WHARF_DAYCLUB_View02b-2023-01-20.webp
174540	wp-content/uploads/2026/10/Riverside-Wharf-2023-05-25_ICRAVE_THE-WHARF-FB_100-DD-PRESENTATION-40.webp
174322	wp-content/uploads/2026/10/Riverside-Wharf_View-from-exterior.webp
169136	wp-content/uploads/2026/10/Riverside-Wharf_Exterior-view-from-street.webp
161856	wp-content/uploads/2026/10/Riverside-Wharf-AFT-Bar.webp
161400	wp-content/uploads/2026/10/Riverside-Wharf-Coastal-dining.webp
159928	wp-content/uploads/2026/10/Riverside-Wharf-2023-05-25_ICRAVE_THE-WHARF-FB_100-DD-PRESENTATION-22.webp
157928	wp-content/uploads/2026/10/canopy-wpb.jpg
157896	wp-content/uploads/2026/10/riverside-wharf-webinar-poster.webp
156720	wp-content/uploads/2026/10/Riverside-Wharf_Dream-Hotel-Wine-Bar.webp
148992	wp-content/uploads/2026/10/riverside-wharf-webinar-poster-1536x864.webp
148530	wp-content/uploads/2026/10/Riverside-Wharf_Complex.webp
138873	wp-content/uploads/2026/10/Riverside-Wharf_View-from-River-1024x666.jpg
138178	wp-content/uploads/2026/10/eb5-passports.webp
136640	wp-content/uploads/2026/10/Riverside-Wharf-2023-05-25_ICRAVE_THE-WHARF-FB_100-DD-PRESENTATION-33-1024x569.webp
131246	wp-content/uploads/2026/10/Riverside-Wharf-2023-05-25_ICRAVE_THE-WHARF-FB_100-DD-PRESENTATION-10-1024x569.webp
128982	wp-content/uploads/2026/10/Night-club-Lobby.webp
126206	wp-content/uploads/2026/10/Riverside-Wharf_Ballroom.webp
122930	wp-content/uploads/2026/10/Riverside-Wharf-AFT-show-kitchen-1024x732.webp
121922	wp-content/uploads/2026/10/eb5-passports-1536x1025.webp
119692	wp-content/uploads/2026/10/Riverside-Wharf-Night-club-Main-Floor.webp
118298	wp-content/uploads/2026/10/Riverside-Wharf-Night-club-Lobby.webp
116906	wp-content/uploads/2026/10/Riverside-Wharf-2023-05-25_ICRAVE_THE-WHARF-FB_100-DD-PRESENTATION-15-1024x569.webp
113868	wp-content/uploads/2026/10/Riverside-Wharf-Coastal-Bar-1024x663.webp
111644	wp-content/uploads/2026/10/Riverside-Wharf-RIVERSIDE-WHARF_DAYCLUB_View02b-2023-01-20-1024x569.webp
110142	wp-content/uploads/2026/10/Riverside-Wharf_Pooldeck-1024x569.webp
110092	wp-content/uploads/2026/10/Riverside-Wharf-2023-05-25_ICRAVE_THE-WHARF-FB_100-DD-PRESENTATION-40-1024x569.webp
106321	wp-content/uploads/2026/10/tru-home2.jpg
106270	wp-content/uploads/2026/10/Riverside-Wharf_View-from-exterior-1024x631.webp
105492	wp-content/uploads/2026/10/Riverside-Wharf_Exterior-view-from-street-1024x583.webp
103108	wp-content/uploads/2026/10/Riverside-Wharf_Dream-Hotel-Prefunction.webp
102008	wp-content/uploads/2026/10/Riverside-Wharf-Coastal-dining-1024x662.webp
100222	wp-content/uploads/2026/10/eb5-green-card.webp
99570	wp-content/uploads/2026/10/eb5-green-card-1536x1018.webp
99146	wp-content/uploads/2026/10/canopy-tempe.jpg
98108	wp-content/uploads/2026/10/Riverside-Wharf-AFT-Bar-1024x730.webp
97596	wp-content/uploads/2026/10/Riverside-Wharf-2023-05-25_ICRAVE_THE-WHARF-FB_100-DD-PRESENTATION-22-1024x579.webp
90896	wp-content/uploads/2026/10/Riverside-Wharf_Complex-1024x587.webp
90480	wp-content/uploads/2026/10/Riverside-Wharf_Dream-Hotel-Wine-Bar-1024x664.webp
89444	wp-content/uploads/2026/10/EB-5-Background.webp
89432	wp-content/uploads/2026/10/eb5-family-flag-front.webp
88719	wp-content/uploads/2026/10/Marriott-Residence-Inn-Miami-.jpeg
87968	wp-content/uploads/2026/10/riverside-wharf-webinar-poster-1024x576.webp
87136	wp-content/uploads/2026/10/Riverside-Wharf-Night-club-Sunset-Lounge.webp
85960	wp-content/uploads/2026/10/Riverside-Wharf-2023-05-25_ICRAVE_THE-WHARF-FB_100-DD-PRESENTATION-33-768x427.webp
84236	wp-content/uploads/2026/10/eb5-family-flag-front-1536x857.webp
83297	wp-content/uploads/2026/10/Riverside-Wharf_View-from-River-768x499.jpg
81762	wp-content/uploads/2026/10/Riverside-Wharf-2023-05-25_ICRAVE_THE-WHARF-FB_100-DD-PRESENTATION-10-768x427.webp
80614	wp-content/uploads/2026/10/StaybridgeSuites_Wilmington_EXT.jpg
80432	wp-content/uploads/2026/10/Riverside-Wharf-AFT-show-kitchen-768x549.webp
77512	wp-content/uploads/2026/10/Riverside-Wharf_Ballroom-1024x576.webp
76710	wp-content/uploads/2026/10/Riverside-Wharf-Night-club-Main-Floor-1024x512.webp
73237	wp-content/uploads/2026/10/element-melbourne.jpg
72822	wp-content/uploads/2026/10/Riverside-Wharf-2023-05-25_ICRAVE_THE-WHARF-FB_100-DD-PRESENTATION-15-768x427.webp
71142	wp-content/uploads/2026/10/Riverside-Wharf-Coastal-Bar-768x497.webp
70588	wp-content/uploads/2026/10/Riverside-Wharf-Night-club-Lobby-1024x600.webp
70060	wp-content/uploads/2026/10/Night-club-Lobby-1024x600.webp
69612	wp-content/uploads/2026/10/Riverside-Wharf-2023-05-25_ICRAVE_THE-WHARF-FB_100-DD-PRESENTATION-40-768x427.webp
68100	wp-content/uploads/2026/10/Riverside-Wharf_Pooldeck-768x427.webp
68004	wp-content/uploads/2026/10/Riverside-Wharf-RIVERSIDE-WHARF_DAYCLUB_View02b-2023-01-20-768x427.webp
67466	wp-content/uploads/2026/10/Riverside-Wharf_View-from-exterior-768x473.webp
65046	wp-content/uploads/2026/10/Riverside-Wharf_Exterior-view-from-street-768x437.webp
64982	wp-content/uploads/2026/10/eb5-passports-1024x684.webp
64758	wp-content/uploads/2026/10/Riverside-Wharf-Coastal-dining-768x497.webp
61104	wp-content/uploads/2026/10/EB-5-Background-1024x560.webp
61028	wp-content/uploads/2026/10/Riverside-Wharf-AFT-Bar-768x547.webp
60910	wp-content/uploads/2026/10/Riverside-Wharf-2023-05-25_ICRAVE_THE-WHARF-FB_100-DD-PRESENTATION-22-768x435.webp
59294	wp-content/uploads/2026/10/eb5-green-card-1024x678.webp
58584	wp-content/uploads/2026/10/eb5-flag-wood-wide.webp
58506	wp-content/uploads/2026/10/Riverside-Wharf_Dream-Hotel-Prefunction-1024x731.webp
57142	wp-content/uploads/2026/10/Riverside-Wharf_Dream-Hotel-Wine-Bar-768x498.webp
56710	wp-content/uploads/2026/10/riverside-wharf-webinar-poster-768x432.webp
55782	wp-content/uploads/2026/10/Riverside-Wharf_Complex-768x440.webp
50720	wp-content/uploads/2026/10/Riverside-Wharf_Ballroom-768x432.webp
50206	wp-content/uploads/2026/10/Riverside-Wharf-Night-club-Sunset-Lounge-1024x519.webp
49662	wp-content/uploads/2026/10/Riverside-Wharf-Night-club-Main-Floor-768x384.webp
48126	wp-content/uploads/2026/10/eb5-family-flag-front-1024x572.webp
47784	wp-content/uploads/2026/10/eb5-flag-wood-wide-2048x895.webp
44268	wp-content/uploads/2026/10/Riverside-Wharf-Night-club-Lobby-768x450.webp
43320	wp-content/uploads/2026/10/Night-club-Lobby-768x450.webp
43000	wp-content/uploads/2026/10/EB-5-Background-768x420.webp
42286	wp-content/uploads/2026/10/eb5-passports-768x513.webp
41544	wp-content/uploads/2026/10/eb5-green-card-768x509.webp
38398	wp-content/uploads/2026/10/Riverside-Wharf_Dream-Hotel-Prefunction-768x548.webp
33586	wp-content/uploads/2026/10/Riverside-Wharf-Night-club-Sunset-Lounge-768x389.webp
33210	wp-content/uploads/2026/10/eb5-family-flag-front-768x429.webp
32214	wp-content/uploads/2026/10/canopy-wpb-300x225.jpg
32188	wp-content/uploads/2026/10/eb5-flag-wood-wide-1536x671.webp
22140	wp-content/uploads/2026/10/canopy-tempe-300x214.jpg
21359	wp-content/uploads/2026/10/tru-home2-300x200.jpg
20345	wp-content/uploads/2026/10/StaybridgeSuites_Wilmington_EXT-300x224.jpg
19812	wp-content/uploads/2026/10/cover-bg.webp
19468	wp-content/uploads/2026/10/eb5-flag-wood-wide-1024x448.webp
18878	wp-content/uploads/2026/10/Marriott-Residence-Inn-Miami--300x200.jpeg
17612	wp-content/uploads/2026/10/Riverside-Wharf-AFT-show-kitchen-300x215.webp
17250	wp-content/uploads/2026/10/Riverside-Wharf-2023-05-25_ICRAVE_THE-WHARF-FB_100-DD-PRESENTATION-33-300x167.webp
16789	wp-content/uploads/2026/10/element-melbourne-300x206.jpg
16215	wp-content/uploads/2026/10/Riverside-Wharf_View-from-River-300x195.jpg
15484	wp-content/uploads/2026/10/Riverside-Wharf-2023-05-25_ICRAVE_THE-WHARF-FB_100-DD-PRESENTATION-40-300x167.webp
15354	wp-content/uploads/2026/10/Riverside-Wharf-2023-05-25_ICRAVE_THE-WHARF-FB_100-DD-PRESENTATION-10-300x167.webp
15000	wp-content/uploads/2026/10/Riverside-Wharf-Coastal-dining-300x194.webp
14600	wp-content/uploads/2026/10/Riverside-Wharf-2023-05-25_ICRAVE_THE-WHARF-FB_100-DD-PRESENTATION-15-300x167.webp
14548	wp-content/uploads/2026/10/Riverside-Wharf-Coastal-Bar-300x194.webp
14022	wp-content/uploads/2026/10/Riverside-Wharf-2023-05-25_ICRAVE_THE-WHARF-FB_100-DD-PRESENTATION-22-300x170.webp
13894	wp-content/uploads/2026/10/Riverside-Wharf-RIVERSIDE-WHARF_DAYCLUB_View02b-2023-01-20-300x167.webp
13614	wp-content/uploads/2026/10/Riverside-Wharf_Pooldeck-300x167.webp
13528	wp-content/uploads/2026/10/eb5-flag-wood-wide-768x336.webp
13334	wp-content/uploads/2026/10/Riverside-Wharf_View-from-exterior-300x185.webp
13264	wp-content/uploads/2026/10/eb5-green-card-300x199.webp
12804	wp-content/uploads/2026/10/Riverside-Wharf_Exterior-view-from-street-300x171.webp
12794	wp-content/uploads/2026/10/Riverside-Wharf_Dream-Hotel-Wine-Bar-300x195.webp
12662	wp-content/uploads/2026/10/canopy-wpb-150x150.jpg
12652	wp-content/uploads/2026/10/Riverside-Wharf-AFT-Bar-300x214.webp
12622	wp-content/uploads/2026/10/riverside-wharf-webinar-poster-300x169.webp
12298	wp-content/uploads/2026/10/eb5-passports-300x200.webp
11786	wp-content/uploads/2026/10/Riverside-Wharf_Ballroom-300x169.webp
11758	wp-content/uploads/2026/10/Riverside-Wharf_Complex-300x172.webp
11440	wp-content/uploads/2026/10/cover-bg-2048x1152.webp
11296	wp-content/uploads/2026/10/Riverside-Wharf-Night-club-Main-Floor-300x150.webp
10398	wp-content/uploads/2026/10/canopy-tempe-150x150.jpg
10384	wp-content/uploads/2026/10/EB-5-Background-300x164.webp
9854	wp-content/uploads/2026/10/Riverside-Wharf-Night-club-Lobby-300x176.webp
9748	wp-content/uploads/2026/10/Night-club-Lobby-300x176.webp
9530	wp-content/uploads/2026/10/tru-home2-150x150.jpg
9146	wp-content/uploads/2026/10/Riverside-Wharf_Dream-Hotel-Prefunction-300x214.webp
9045	wp-content/uploads/2026/10/Marriott-Residence-Inn-Miami--150x150.jpeg
8436	wp-content/uploads/2026/10/eb5-family-flag-front-300x167.webp
8314	wp-content/uploads/2026/10/Riverside-Wharf-Night-club-Sunset-Lounge-300x152.webp
8125	wp-content/uploads/2026/10/StaybridgeSuites_Wilmington_EXT-150x150.jpg
8028	wp-content/uploads/2026/10/Riverside-Wharf-2023-05-25_ICRAVE_THE-WHARF-FB_100-DD-PRESENTATION-33-150x150.webp
7709	wp-content/uploads/2026/10/Riverside-Wharf_View-from-River-150x150.jpg
7554	wp-content/uploads/2026/10/element-melbourne-150x150.jpg
7480	wp-content/uploads/2026/10/Riverside-Wharf-2023-05-25_ICRAVE_THE-WHARF-FB_100-DD-PRESENTATION-40-150x150.webp
7218	wp-content/uploads/2026/10/eb5-green-card-150x150.webp
7216	wp-content/uploads/2026/10/cover-bg-1536x864.webp
7198	wp-content/uploads/2026/10/Riverside-Wharf-AFT-show-kitchen-150x150.webp
6982	wp-content/uploads/2026/10/Riverside-Wharf-2023-05-25_ICRAVE_THE-WHARF-FB_100-DD-PRESENTATION-22-150x150.webp
6976	wp-content/uploads/2026/10/Riverside-Wharf-RIVERSIDE-WHARF_DAYCLUB_View02b-2023-01-20-150x150.webp
6918	wp-content/uploads/2026/10/Riverside-Wharf-2023-05-25_ICRAVE_THE-WHARF-FB_100-DD-PRESENTATION-10-150x150.webp
6916	wp-content/uploads/2026/10/Riverside-Wharf-Night-club-Main-Floor-150x150.webp
6888	wp-content/uploads/2026/10/Riverside-Wharf-2023-05-25_ICRAVE_THE-WHARF-FB_100-DD-PRESENTATION-15-150x150.webp
6720	wp-content/uploads/2026/10/Riverside-Wharf_Exterior-view-from-street-150x150.webp
6610	wp-content/uploads/2026/10/Riverside-Wharf_View-from-exterior-150x150.webp
6580	wp-content/uploads/2026/10/Riverside-Wharf-Coastal-dining-150x150.webp
6284	wp-content/uploads/2026/10/Riverside-Wharf-Coastal-Bar-150x150.webp
6166	wp-content/uploads/2026/10/riverside-wharf-webinar-poster-150x150.webp
6142	wp-content/uploads/2026/10/Riverside-Wharf_Pooldeck-150x150.webp
6042	wp-content/uploads/2026/10/Riverside-Wharf_Complex-150x150.webp
6010	wp-content/uploads/2026/10/eb5-passports-150x150.webp
5644	wp-content/uploads/2026/10/Riverside-Wharf_Ballroom-150x150.webp
5584	wp-content/uploads/2026/10/Riverside-Wharf_Dream-Hotel-Wine-Bar-150x150.webp
5478	wp-content/uploads/2026/10/Riverside-Wharf-AFT-Bar-150x150.webp
5244	wp-content/uploads/2026/10/eb5-flag-wood-wide-300x131.webp
5174	wp-content/uploads/2026/10/eb5-family-flag-front-150x150.webp
4548	wp-content/uploads/2026/10/EB-5-Background-150x150.webp
4540	wp-content/uploads/2026/10/Riverside-Wharf-Night-club-Lobby-150x150.webp
4520	wp-content/uploads/2026/10/Night-club-Lobby-150x150.webp
4292	wp-content/uploads/2026/10/Riverside-Wharf-Night-club-Sunset-Lounge-150x150.webp
4112	wp-content/uploads/2026/10/Riverside-Wharf_Dream-Hotel-Prefunction-150x150.webp
3824	wp-content/uploads/2026/10/cover-bg-1024x576.webp
2694	wp-content/uploads/2026/10/eb5-flag-wood-wide-150x150.webp
2528	wp-content/uploads/2026/10/cover-bg-768x432.webp
688	wp-content/uploads/2026/10/cover-bg-300x169.webp
420	wp-content/uploads/2026/10/cover-bg-150x150.webp
